file,distance_m,max_speed_mps,anomalies
route_2017-10-17_6.24pm.gpx,4816.97,38.396,2
route_2017-10-18_7.30pm.gpx,5327.96,16.221,2
route_2017-10-19_7.14pm.gpx,3978.27,10.426,0
route_2017-10-20_2.10pm.gpx,4857.42,21.873,2
route_2017-10-21_3.40pm.gpx,4095.39,9.65,0
route_2017-10-26_5.58pm.gpx,3982.62,15.287,3
route_2017-10-27_5.37pm.gpx,5228.2,22.049,6
route_2017-10-28_1.53pm.gpx,4513.94,26.456,4
route_2017-11-04_5.54pm.gpx,4235.53,13.022,1
route_2017-11-12_3.33pm.gpx,9378.2,11.625,2
route_2017-11-13_5.56pm.gpx,10069.98,26.137,6
route_2017-11-14_3.49pm.gpx,6955.23,10.936,0
route_2017-11-15_6.29pm.gpx,3568.91,10.399,0
route_2017-11-16_5.59pm.gpx,3959.61,9.515,0
route_2017-11-18_10.33am.gpx,3766.58,24.095,5
route_2017-11-19_5.35pm.gpx,3949.29,12.706,2
route_2017-11-20_4.00pm.gpx,3233.2,12.01,1
route_2017-11-21_3.57pm.gpx,3759.0,20.256,4
route_2017-11-23_9.11am.gpx,6818.79,21.465,3
route_2017-11-24_3.07pm.gpx,7624.26,13.299,1
route_2017-11-25_1.44pm.gpx,4041.78,20.94,3
route_2017-11-26_1.59pm.gpx,7599.96,13.889,7
route_2017-11-26_5.44pm.gpx,3996.78,11.59,1
route_2017-11-27_4.38pm.gpx,8113.13,19.926,2
route_2017-11-28_2.03pm.gpx,6864.97,23.272,3
route_2017-11-29_3.13pm.gpx,6512.57,11.064,0
route_2017-11-30_2.16pm.gpx,6310.1,12.303,1
route_2017-11-30_5.57pm.gpx,4493.56,5.787,0
route_2017-11-30_7.51pm.gpx,2013.35,2.171,0
route_2017-12-03_5.04pm.gpx,3725.15,12.061,1
route_2017-12-04_3.03pm.gpx,7462.11,15.236,3
route_2017-12-05_12.42pm.gpx,7428.07,14.07,3
route_2017-12-06_3.56pm.gpx,6875.46,23.065,3
route_2017-12-07_1.35pm.gpx,8872.94,10.481,0
route_2017-12-08_3.12pm.gpx,6233.08,9.493,0
route_2017-12-10_10.35am.gpx,5722.39,6.779,0
route_2017-12-10_6.21pm.gpx,486.08,7.403,0
route_2017-12-11_12.32pm.gpx,11.49,3.781,0
route_2017-12-13_4.17pm.gpx,7314.22,25.57,3
route_2017-12-14_3.16pm.gpx,6795.26,22.976,2
route_2017-12-14_3.32pm.gpx,266.03,15.305,1
route_2017-12-15_11.31am.gpx,5935.62,19.268,3
route_2017-12-15_11.50am.gpx,353.49,27.363,1
route_2017-12-18_5.35pm.gpx,6228.65,11.044,0
route_2017-12-18_5.50pm.gpx,272.63,15.793,1
route_2017-12-19_6.19pm.gpx,5694.87,8.189,0
route_2017-12-19_6.28pm.gpx,223.15,10.567,0
route_2017-12-20_5.15pm.gpx,6350.41,17.279,1
route_2017-12-20_5.32pm.gpx,349.29,15.976,2
route_2017-12-21_4.32pm.gpx,6317.38,14.039,2
route_2017-12-21_4.47pm.gpx,389.16,8.251,0
route_2017-12-22_6.00pm.gpx,3294.38,14.666,2
route_2017-12-24_2.57pm.gpx,6553.32,28.311,5
route_2017-12-24_3.08pm.gpx,185.66,21.683,1
route_2017-12-25_4.33pm.gpx,3864.46,13.566,3
route_2017-12-26_5.47pm.gpx,4399.1,12.383,2
route_2017-12-26_6.04pm.gpx,553.86,6.985,0
route_2017-12-26_6.21pm.gpx,33.67,2.681,0
route_2017-12-27_6.10pm.gpx,4467.77,15.011,1
route_2017-12-28_10.45am.gpx,4909.66,11.277,0
route_2017-12-28_11.24am.gpx,1574.86,26.488,4
route_2017-12-29_4.04pm.gpx,9686.17,28.245,3
route_2017-12-30_1.23pm.gpx,9006.72,10.137,0
route_2017-12-31_3.54pm.gpx,8029.04,13.468,2
route_2018-01-01_2.14pm.gpx,7426.65,45.302,3
route_2018-01-02_5.19pm.gpx,4474.27,17.753,3
route_2018-01-03_11.20am.gpx,109.94,0.405,0
route_2018-01-03_5.07pm.gpx,613.47,16.008,1
route_2018-01-04_5.53pm.gpx,525.08,12.69,1
route_2018-01-19_10.46am.gpx,734.12,7.872,0
route_2018-01-27_3.58pm.gpx,2768.11,14.499,3
route_2018-02-04_1.58pm.gpx,6296.37,17.063,2
route_2018-02-04_3.01pm.gpx,2339.72,17.458,1
route_2018-02-13_10.46am.gpx,6933.59,14.811,1
route_2018-02-15_12.04pm.gpx,8651.12,6.339,0
route_2018-02-16_1.55pm.gpx,1308.1,18.684,2
route_2018-02-16_6.49pm.gpx,1686.31,8.51,0
route_2018-02-18_1.44pm.gpx,4925.87,29.882,7
route_2018-02-18_2.48pm.gpx,5481.0,14.268,7
route_2018-02-20_10.15am.gpx,4509.53,7.285,0
route_2018-02-20_2.14pm.gpx,6831.2,10.997,0
route_2018-02-20_6.53pm.gpx,1506.2,9.317,0
route_2018-02-22_3.48pm.gpx,5.32,5.315,0
route_2018-02-23_1.06pm.gpx,9992.64,8.046,0
route_2018-02-24_5.28pm.gpx,2215.53,14.143,1
route_2018-02-24_8.12am.gpx,6070.09,10.221,0
route_2018-02-25_12.01pm.gpx,10942.01,53.692,78
route_2018-02-25_6.40pm.gpx,3750.51,6.98,0
route_2018-02-28_10.08pm.gpx,7953.52,13.677,1
route_2018-02-28_11.30am.gpx,8412.13,7.457,0
route_2018-03-01_5.49pm.gpx,6457.76,25.355,4
route_2018-03-02_11.53am.gpx,3397.3,8.013,0
route_2018-03-02_11.59am.gpx,214.28,10.788,0
route_2018-03-02_6.25pm.gpx,7544.91,35.724,4
route_2018-03-04_8.01pm.gpx,4807.7,10.814,0
route_2018-03-05_1.22pm.gpx,6965.88,11.472,0
route_2018-03-05_6.44pm.gpx,4662.28,13.335,3
route_2018-03-06_10.36am.gpx,418.04,3.751,0
route_2018-03-06_11.43pm.gpx,35.12,0.079,0
route_2018-03-07_1.51pm.gpx,1829.57,6.243,0
route_2018-03-07_9.41am.gpx,1133.34,4.802,0
route_2018-03-09_6.33pm.gpx,2926.37,5.477,0
route_2018-03-10_4.12pm.gpx,2639.8,8.597,0
route_2018-03-11_10.46am.gpx,959.91,4.537,0
route_2018-03-12_1.00pm.gpx,3012.49,3.969,0
route_2018-03-12_7.11pm.gpx,2065.35,8.708,0
route_2018-03-12_9.17am.gpx,328.19,2.456,0
route_2018-03-13_2.49pm.gpx,3834.47,7.009,0
route_2018-03-13_4.28pm.gpx,3919.0,5.835,0
route_2018-03-14_12.00pm.gpx,2341.92,3.787,0
route_2018-03-14_3.59pm.gpx,6552.94,6.804,0
route_2018-03-15_11.39am.gpx,4451.54,10.232,0
route_2018-03-15_4.23pm.gpx,5958.05,8.477,0
route_2018-03-15_7.13am.gpx,837.91,3.803,0
route_2018-03-16_11.18am.gpx,1147.8,6.29,0
route_2018-03-16_4.19pm.gpx,3650.7,4.231,0
route_2018-03-17_4.13pm.gpx,8941.48,12.343,1
route_2018-03-18_2.50pm.gpx,5529.36,24.641,12
route_2018-03-19_10.17am.gpx,3183.32,9.406,0
route_2018-03-19_7.49pm.gpx,5522.58,17.022,5
route_2018-03-20_3.31pm.gpx,6554.45,15.976,3
route_2018-03-21_4.34pm.gpx,6410.34,27.404,11
route_2018-03-21_8.28am.gpx,839.8,7.172,0
route_2018-03-22_11.47am.gpx,571.99,3.425,0
route_2018-03-23_12.58pm.gpx,7306.29,81.75,5
route_2018-03-23_6.01pm.gpx,3231.5,9.576,0
route_2018-03-23_7.24pm.gpx,3202.3,29.303,1
route_2018-03-24_11.28am.gpx,3702.01,23.704,10
route_2018-03-24_2.00pm.gpx,5538.59,19.615,5
route_2018-03-24_3.08pm.gpx,5475.54,51.046,7
route_2018-03-24_5.53pm.gpx,192.23,7.364,0
route_2018-03-25_11.48am.gpx,1566.52,18.617,2
route_2018-03-26_8.13pm.gpx,3124.12,10.475,0
route_2018-03-27_1.25pm.gpx,3496.4,22.914,3
route_2018-03-28_1.07pm.gpx,5023.01,30.151,11
route_2018-03-28_4.30pm.gpx,5169.77,20.056,5
route_2018-03-29_7.21pm.gpx,2354.02,12.139,1
route_2018-03-30_3.00pm.gpx,2802.03,19.376,3
route_2018-03-30_5.25pm.gpx,4029.45,14.799,2
route_2018-03-31_1.02pm.gpx,8705.04,21.98,2
route_2018-04-01_12.37pm.gpx,998.7,11.575,1
route_2018-04-02_7.35pm.gpx,1891.1,11.898,2
route_2018-04-03_10.40am.gpx,1774.35,15.635,1
route_2018-04-03_2.37pm.gpx,3384.55,14.285,1
route_2018-04-04_5.59pm.gpx,5816.74,16.937,1
route_2018-04-05_2.04pm.gpx,3941.38,5.978,0
route_2018-04-05_5.03pm.gpx,3359.74,13.869,2
route_2018-04-06_11.07am.gpx,1112.73,15.46,1
route_2018-04-06_3.25pm.gpx,4771.95,14.153,1
route_2018-04-08_1.38pm.gpx,1343.22,5.705,0
route_2018-04-09_4.21pm.gpx,1720.58,12.413,1
route_2018-04-15_5.13pm.gpx,1743.13,12.135,1
route_2018-04-15_5.23pm.gpx,1194.19,6.864,0
route_2018-04-15_9.20am.gpx,21578.39,24.707,21
route_2018-04-16_12.31pm.gpx,1227.96,5.005,0
route_2018-04-21_1.14pm.gpx,3283.97,13.895,1
route_2018-04-22_4.46pm.gpx,3147.77,13.579,1
route_2018-05-01_10.03am.gpx,4191.47,15.018,3
route_2018-05-01_10.48pm.gpx,553.42,12.818,1
route_2018-05-02_5.39pm.gpx,11104.08,15.47,4
route_2018-05-03_3.39pm.gpx,13308.21,22.239,207
route_2018-05-04_6.01pm.gpx,1302.21,7.846,0
route_2018-05-06_11.31am.gpx,7769.76,33.566,14
route_2018-05-07_4.49pm.gpx,3285.28,8.94,0
route_2018-05-07_6.08pm.gpx,4651.01,13.76,1
route_2018-05-08_8.07pm.gpx,6636.67,18.498,2
route_2018-05-09_8.01pm.gpx,7261.93,10.452,0
route_2018-05-09_8.17pm.gpx,339.45,27.9,3
route_2018-05-10_7.50pm.gpx,2980.45,14.135,2
route_2018-05-10_8.11pm.gpx,1218.01,60.563,6
route_2018-05-11_5.56pm.gpx,7245.61,14.785,2
route_2018-05-12_7.22pm.gpx,9592.08,28.466,345
route_2018-05-16_3.33pm.gpx,14429.61,22.395,18
route_2018-05-17_1.12pm.gpx,1327.61,16.246,6
route_2018-05-17_11.06am.gpx,2071.56,14.011,2
route_2018-05-18_3.00pm.gpx,3539.34,18.797,1
route_2018-05-20_8.28am.gpx,4858.41,14.306,9
route_2018-05-21_11.48am.gpx,6967.95,13.603,2
route_2018-05-22_9.21pm.gpx,6978.14,8.482,0
route_2018-05-23_11.58am.gpx,2445.09,17.038,3
route_2018-05-24_11.31am.gpx,3429.69,18.405,2
route_2018-05-25_6.28pm.gpx,5835.28,12.525,1
route_2018-05-26_12.19pm.gpx,9166.22,29.287,4
route_2018-05-26_8.36pm.gpx,4391.04,12.811,3
route_2018-05-27_12.16pm.gpx,35.54,1.512,0
route_2018-05-28_1.50pm.gpx,3472.58,29.587,11
route_2018-05-28_11.01am.gpx,4941.37,43.238,10
route_2018-05-29_1.44pm.gpx,2260.93,7.533,0
route_2018-05-30_10.27am.gpx,1681.41,9.745,0
route_2018-05-30_4.24pm.gpx,4025.64,13.789,2
route_2018-05-31_10.17am.gpx,6837.15,16.056,1
route_2018-05-31_11.18am.gpx,2707.75,20.818,3
route_2018-06-02_4.58pm.gpx,2311.89,18.667,3
route_2018-06-05_6.59pm.gpx,8806.34,20.388,3
route_2018-06-08_7.49pm.gpx,1666.34,17.794,2
route_2018-06-10_11.22am.gpx,5751.79,22.771,23
route_2018-06-14_8.24pm.gpx,4306.95,16.644,11
route_2018-06-15_3.55pm.gpx,1588.36,14.059,4
route_2018-06-17_1.15pm.gpx,6645.27,24.359,17
route_2018-06-18_7.34pm.gpx,5190.35,11.517,1
route_2018-06-20_7.14pm.gpx,643.4,14.516,1
route_2018-06-21_8.54pm.gpx,6438.72,23.173,2
route_2018-06-25_6.44pm.gpx,1061.35,7.304,0
route_2018-06-27_10.10am.gpx,4544.87,20.452,7
route_2018-07-02_12.35pm.gpx,6229.45,9.926,0
route_2018-07-03_9.03pm.gpx,7008.54,15.343,2
route_2018-07-04_12.46pm.gpx,503.51,10.365,0
route_2018-07-05_4.00pm.gpx,3427.75,6.455,0
route_2018-07-05_5.25pm.gpx,3662.96,30.639,5
route_2018-07-08_11.45am.gpx,3682.66,21.134,2
route_2018-07-11_1.44pm.gpx,9587.96,7.241,0
route_2018-07-13_7.31pm.gpx,4282.68,16.458,3
route_2018-07-15_3.59pm.gpx,8408.67,46.603,11
route_2018-07-23_2.48pm.gpx,8615.38,20.062,3
route_2018-07-27_5.19pm.gpx,4969.33,26.687,114
route_2018-07-31_5.33pm.gpx,3158.05,20.05,3
route_2018-08-09_12.46pm.gpx,6471.59,16.116,1
route_2018-08-26_4.22pm.gpx,8979.99,14.425,1
route_2018-08-27_5.31pm.gpx,3614.01,23.054,4
route_2018-09-01_7.33pm.gpx,16037.94,53.921,125
route_2018-09-03_5.07pm.gpx,6405.0,7.407,0
route_2018-09-03_5.38pm.gpx,1164.39,10.786,0
route_2018-09-05_10.21am.gpx,728.37,5.475,0
route_2018-09-07_7.07pm.gpx,4942.02,21.309,1
route_2018-09-13_1.29pm.gpx,2595.14,20.836,9
route_2018-09-15_4.45pm.gpx,1210.05,11.12,0
route_2018-09-18_4.43pm.gpx,7211.33,16.143,3
route_2018-09-22_5.56pm.gpx,6904.76,49.992,6
route_2018-09-23_8.28pm.gpx,12347.54,11.885,1
route_2018-09-27_4.47pm.gpx,8329.82,11.865,1
route_2018-09-28_1.00pm.gpx,6609.17,6.39,0
route_2018-09-30_4.07pm.gpx,12.38,0.458,0
route_2018-10-02_4.49pm.gpx,8151.74,20.375,19
route_2018-10-03_2.19pm.gpx,6012.14,14.942,2
route_2018-10-03_4.01pm.gpx,271.37,2.469,0
route_2018-10-04_7.25pm.gpx,4395.01,8.454,0
route_2018-10-04_7.33pm.gpx,42.27,15.045,1
route_2018-10-07_3.06pm.gpx,2536.83,16.116,1
route_2018-10-07_3.47pm.gpx,4304.38,7.203,0
route_2018-10-08_4.55pm.gpx,3612.81,14.144,4
route_2018-10-08_5.19pm.gpx,263.07,19.268,4
route_2018-10-09_11.40am.gpx,27.31,0.81,0
route_2018-10-09_12.23pm.gpx,104.14,3.787,0
route_2018-10-09_12.41pm.gpx,300.95,17.452,3
route_2018-10-10_10.46am.gpx,1407.09,13.456,2
route_2018-10-10_2.25pm.gpx,4135.91,15.504,3
route_2018-10-10_2.41pm.gpx,496.72,1.701,0
route_2018-10-12_1.02pm.gpx,641.21,13.39,1
route_2018-10-12_12.34pm.gpx,6368.26,17.612,2
route_2018-10-13_2.54pm.gpx,2255.15,8.538,0
route_2018-10-15_5.50pm.gpx,2401.28,20.043,7
route_2018-10-16_2.13pm.gpx,2896.8,15.466,6
route_2018-10-16_2.33pm.gpx,263.61,14.907,1
route_2018-10-16_4.05pm.gpx,430.12,8.683,0
route_2018-10-17_12.08pm.gpx,2483.98,22.124,3
route_2018-10-17_12.33pm.gpx,96.15,17.904,1
route_2018-10-17_12.51pm.gpx,96.37,7.596,0
route_2018-10-19_3.44pm.gpx,2248.22,16.568,5
route_2018-10-19_6.02pm.gpx,2101.57,19.394,5
route_2018-10-19_6.27pm.gpx,931.51,2.567,0
route_2018-10-20_2.38pm.gpx,5196.09,16.209,2
route_2018-10-20_4.05pm.gpx,1448.87,4.787,0
route_2018-10-20_4.56pm.gpx,1380.37,10.816,0
route_2018-10-21_12.09pm.gpx,511.54,15.718,18
route_2018-10-23_1.13pm.gpx,2033.02,29.381,3
route_2018-10-23_3.45pm.gpx,3251.89,19.189,2
route_2018-10-23_4.05pm.gpx,233.02,10.708,0
route_2018-10-24_11.35am.gpx,3015.28,13.022,2
route_2018-10-24_8.20pm.gpx,190.93,6.779,0
route_2018-10-25_5.40pm.gpx,1578.78,25.78,17
route_2018-10-26_1.08pm.gpx,2889.76,11.498,0
route_2018-10-26_1.13pm.gpx,207.22,25.733,4
route_2018-10-27_2.06pm.gpx,1413.0,10.732,0
route_2018-10-27_5.38pm.gpx,3801.65,24.964,23
route_2018-10-27_5.54pm.gpx,296.18,14.023,2
route_2018-11-04_12.27am.gpx,656.29,2.252,0
route_2018-11-07_4.49pm.gpx,474.3,5.505,0
route_2018-11-07_5.42pm.gpx,5230.09,18.041,4
route_2018-11-07_5.57pm.gpx,204.65,7.889,0
route_2018-11-10_11.45am.gpx,1399.31,12.76,3
route_2018-11-10_12.27pm.gpx,1226.38,7.894,0
route_2018-11-10_3.04pm.gpx,1955.8,14.684,3
route_2018-11-11_1.40pm.gpx,4535.23,12.133,1
route_2018-11-12_12.10pm.gpx,2603.82,14.536,3
route_2018-11-12_2.14pm.gpx,1853.35,18.286,4
route_2018-11-13_5.13pm.gpx,2668.66,8.069,0
route_2018-11-14_10.33am.gpx,2564.43,10.841,0
route_2018-11-14_5.24pm.gpx,2094.45,21.957,6
route_2018-11-15_11.27am.gpx,6647.27,7.722,0
route_2018-11-15_12.11pm.gpx,1324.69,14.133,1
route_2018-11-16_12.55pm.gpx,2545.12,10.843,0
route_2018-11-17_5.15pm.gpx,1520.17,15.901,3
route_2018-11-19_5.31pm.gpx,1279.66,23.45,21
route_2018-11-20_4.30pm.gpx,1318.18,13.063,2
route_2018-11-21_9.13am.gpx,3043.24,7.064,0
route_2018-11-22_1.03pm.gpx,4821.84,9.416,0
route_2018-11-22_10.26am.gpx,86.44,16.182,1
route_2018-11-23_12.34pm.gpx,9087.32,22.45,2
route_2018-11-24_1.47pm.gpx,4282.53,11.462,0
route_2018-11-25_11.08am.gpx,3958.62,33.103,3
route_2018-11-25_5.42pm.gpx,1062.79,7.894,0
route_2018-11-29_5.10pm.gpx,2726.28,33.344,2
route_2019-01-15_1.28pm.gpx,3496.41,4.79,0
route_2019-01-16_1.32pm.gpx,29.51,0.746,0
route_2019-01-16_1.35pm.gpx,47.98,1.101,0
route_2019-01-16_1.38pm.gpx,23.35,0.802,0
route_2019-01-16_2.19pm.gpx,4647.1,4.793,0
route_2019-01-16_4.21pm.gpx,2205.06,21.156,8
route_2019-01-18_2.20pm.gpx,4846.3,14.062,3
route_2019-01-19_10.42pm.gpx,805.44,14.076,2
route_2019-03-29_7.51pm.gpx,5306.28,28.523,2
route_2019-03-30_2.42pm.gpx,5120.6,17.517,2
route_2019-04-01_12.46pm.gpx,5089.9,35.426,2
route_2019-04-02_12.18pm.gpx,5139.06,18.309,3
route_2019-04-03_7.04pm.gpx,5182.08,12.911,1
route_2019-04-09_8.26pm.gpx,5110.88,14.038,3
route_2019-04-10_3.23pm.gpx,4904.65,9.666,0
route_2019-04-11_5.08pm.gpx,4935.52,16.233,2
route_2019-04-15_1.15pm.gpx,2466.15,10.082,0
route_2019-04-16_6.14pm.gpx,3254.71,11.104,0
route_2019-04-17_4.55pm.gpx,3405.73,10.578,0
route_2019-04-22_7.43pm.gpx,3322.42,23.351,6
route_2019-04-23_5.24pm.gpx,3182.41,7.96,0
route_2019-05-01_9.31am.gpx,2841.79,22.735,3
route_2019-05-03_9.24am.gpx,1741.52,14.952,2
route_2019-05-04_10.47am.gpx,3586.56,30.371,1
route_2019-05-04_7.39pm.gpx,3298.93,9.671,0
route_2019-05-06_8.51am.gpx,3148.45,11.369,0
route_2019-05-09_2.33pm.gpx,3559.15,5.348,0
route_2019-05-12_8.32pm.gpx,3340.8,4.935,0
route_2019-05-13_10.12pm.gpx,5212.52,31.129,4
route_2019-05-14_8.50pm.gpx,4852.0,12.811,1
route_2019-05-22_8.19pm.gpx,5041.66,15.626,3
route_2019-05-27_1.27pm.gpx,4901.36,12.083,1
route_2019-05-27_12.44pm.gpx,251.68,20.612,3
route_2019-05-27_2.09pm.gpx,1406.64,25.975,6
route_2019-05-27_2.56pm.gpx,386.41,12.911,2
route_2019-05-28_6.58pm.gpx,525.8,15.221,5
route_2019-06-01_3.52pm.gpx,6829.18,25.433,8
route_2019-06-02_4.54pm.gpx,1643.23,24.599,3
route_2019-06-04_8.54pm.gpx,6504.03,22.78,11
route_2019-06-05_5.32pm.gpx,3916.61,15.02,3
route_2019-06-06_2.53pm.gpx,3045.44,12.577,1
route_2019-06-06_3.21pm.gpx,586.44,21.016,4
route_2019-06-06_7.44pm.gpx,1783.15,32.827,26
route_2019-06-07_7.06pm.gpx,3577.36,10.91,0
route_2019-07-03_7.44pm.gpx,1916.04,9.563,0
route_2019-07-04_8.34am.gpx,1526.0,14.689,2
route_2019-07-05_1.59pm.gpx,907.27,22.027,1
route_2019-08-18_12.24pm.gpx,3221.47,112.941,1
route_2019-09-02_1.13pm.gpx,3456.55,39.581,7
route_2019-09-03_8.09pm.gpx,50.88,1.069,0
route_2019-09-03_8.41pm.gpx,2331.5,7.502,0
route_2019-09-04_12.05pm.gpx,383.76,18.812,1
route_2019-09-04_7.15pm.gpx,3347.13,15.764,2
route_2019-09-05_7.11pm.gpx,3939.42,11.138,0
route_2019-09-06_5.47pm.gpx,3654.11,19.506,4
route_2019-09-07_10.56am.gpx,1502.84,9.72,0
route_2019-09-08_5.11pm.gpx,1975.6,14.744,2
route_2019-09-10_11.05am.gpx,193.44,1.9,0
route_2019-09-11_3.51pm.gpx,1205.41,8.524,0
route_2019-09-12_1.02pm.gpx,2456.49,19.054,1
route_2019-09-13_8.04pm.gpx,452.7,17.854,2
route_2019-09-14_2.50pm.gpx,1472.39,11.377,0
route_2019-09-14_3.07pm.gpx,89.34,3.944,0
route_2019-09-16_7.25pm.gpx,1982.82,17.993,4
route_2019-09-19_6.37pm.gpx,1718.79,10.119,0
route_2019-09-20_6.51pm.gpx,0.0,0.0,0
route_2019-09-21_7.32pm.gpx,1739.56,43.795,5
route_2019-09-26_5.24pm.gpx,3017.05,68.886,6
route_2019-09-27_7.11pm.gpx,1623.27,14.468,1
route_2019-09-30_7.23pm.gpx,1747.84,23.545,6
route_2019-10-01_1.58pm.gpx,2167.73,15.234,126
route_2019-10-01_6.30pm.gpx,1998.92,9.674,0
route_2019-10-02_10.41am.gpx,17674.39,38.649,517
route_2019-10-02_7.43pm.gpx,1706.89,15.974,1
route_2019-10-05_8.24pm.gpx,2374.8,22.987,6
route_2019-10-06_1.32pm.gpx,843.7,8.344,0
route_2019-10-07_1.42pm.gpx,2432.75,25.702,3
route_2019-10-08_6.35pm.gpx,2327.97,26.986,2
route_2019-10-09_6.23pm.gpx,937.71,11.935,1
route_2019-10-11_5.42pm.gpx,2451.91,11.361,0
route_2019-10-15_5.58pm.gpx,1744.73,9.007,0
route_2019-10-16_5.50pm.gpx,1232.36,11.371,0
route_2019-10-16_6.02pm.gpx,430.54,8.93,0
route_2019-10-17_3.39pm.gpx,1377.42,59.57,3
route_2019-10-17_3.47pm.gpx,42.5,7.02,0
route_2019-10-17_5.48pm.gpx,1055.45,10.458,0
route_2019-10-18_1.53pm.gpx,1444.79,10.016,0
route_2019-10-23_6.34pm.gpx,1033.04,10.535,0
route_2019-10-24_11.43am.gpx,1462.14,9.197,0
route_2019-10-25_11.51am.gpx,2161.66,71.846,1
route_2019-10-27_4.13pm.gpx,2399.41,9.235,0
route_2019-10-29_4.34pm.gpx,2016.16,12.688,1
route_2019-10-31_6.10pm.gpx,1514.78,30.045,1
route_2019-11-02_2.11pm.gpx,2029.12,19.342,2
route_2019-11-02_2.39pm.gpx,462.24,26.978,3
route_2019-11-05_5.46pm.gpx,1599.05,44.247,1
route_2019-11-06_2.25pm.gpx,2150.52,26.03,1
route_2019-11-09_2.25pm.gpx,2751.4,11.388,0
route_2019-11-10_1.29pm.gpx,3223.26,61.955,8
route_2019-11-11_4.22pm.gpx,1714.23,10.01,0
route_2019-11-12_6.27pm.gpx,1809.33,14.151,1
route_2019-11-13_2.55pm.gpx,2405.49,61.104,2
route_2019-11-14_6.03pm.gpx,1615.18,9.448,0
route_2019-11-15_1.37pm.gpx,2701.65,15.169,4
route_2019-11-16_5.38pm.gpx,2945.26,20.438,3
route_2019-11-16_5.42pm.gpx,145.59,3.992,0
route_2019-11-17_3.26pm.gpx,2391.2,17.88,6
route_2019-11-17_3.34pm.gpx,157.58,13.702,1
route_2019-11-18_6.28pm.gpx,2495.16,13.675,3
route_2019-11-20_6.03pm.gpx,2080.72,23.353,6
route_2019-11-22_6.15pm.gpx,160.54,42.029,2
route_2019-11-24_5.36pm.gpx,676.86,7.047,0
route_2019-11-24_5.58pm.gpx,64.91,6.082,0
route_2019-11-27_7.07pm.gpx,1464.29,13.046,1
route_2019-11-28_10.23am.gpx,1484.06,10.949,0
route_2019-11-30_1.48pm.gpx,2880.89,20.758,5
route_2019-12-01_4.14pm.gpx,2167.76,13.637,1
route_2019-12-02_12.10pm.gpx,1827.65,21.352,2
route_2019-12-02_4.45pm.gpx,1462.11,9.483,0
route_2019-12-03_1.57pm.gpx,1678.04,14.969,1
route_2019-12-05_7.02pm.gpx,2348.33,26.118,4
route_2019-12-07_10.36am.gpx,2047.43,11.52,1
route_2019-12-08_4.45pm.gpx,1618.08,18.733,1
route_2019-12-09_5.59pm.gpx,1950.05,21.503,13
route_2019-12-10_5.02pm.gpx,2538.51,51.046,43
route_2019-12-11_10.47am.gpx,669.96,15.488,4
route_2019-12-11_12.27pm.gpx,1997.77,19.248,5
route_2019-12-11_4.57pm.gpx,774.94,80.517,6
route_2019-12-12_1.14pm.gpx,1695.56,8.346,0
route_2019-12-13_5.44pm.gpx,2614.69,34.682,19
route_2019-12-14_2.31pm.gpx,1806.14,19.949,1
route_2019-12-16_4.09pm.gpx,2137.42,12.477,1
route_2019-12-17_1.10pm.gpx,1003.92,57.692,3
route_2019-12-18_1.01pm.gpx,1849.28,15.661,1
route_2019-12-19_4.15pm.gpx,2215.64,17.463,3
route_2019-12-20_1.58pm.gpx,2377.24,14.095,41
route_2019-12-21_3.45pm.gpx,1899.35,41.966,3
route_2019-12-22_1.59pm.gpx,1363.83,15.12,2
route_2019-12-24_5.21pm.gpx,1486.12,13.383,1
route_2019-12-24_5.26pm.gpx,122.05,8.789,0
route_2019-12-26_7.32pm.gpx,1309.79,10.389,0
route_2019-12-27_7.31pm.gpx,980.21,9.17,0
route_2019-12-29_11.14pm.gpx,66.51,1.302,0
route_2019-12-29_3.12pm.gpx,1749.3,13.138,1
route_2019-12-31_1.25pm.gpx,1675.05,33.83,2
route_2020-01-01_3.47pm.gpx,1548.8,10.703,0
route_2020-01-02_12.08am.gpx,0.0,0.0,0
route_2020-01-04_6.31pm.gpx,1909.23,47.196,27
route_2020-01-08_2.31pm.gpx,1950.8,9.231,0
route_2020-01-11_12.30pm.gpx,1613.86,23.609,3
route_2020-01-12_1.58pm.gpx,1923.51,12.266,2
route_2020-01-12_2.04pm.gpx,88.25,9.867,0
route_2020-01-13_3.39pm.gpx,1596.88,15.034,5
route_2020-01-14_5.43pm.gpx,1523.94,20.097,1
route_2020-01-16_11.23am.gpx,1650.71,23.54,1
route_2020-01-18_2.55pm.gpx,1830.85,24.845,2
route_2020-01-19_12.26pm.gpx,1416.07,24.94,5
route_2020-01-20_9.42am.gpx,2164.36,36.383,4
route_2020-01-23_7.18pm.gpx,848.67,8.921,0
route_2020-01-23_7.21pm.gpx,79.0,5.19,0
route_2020-01-24_7.26pm.gpx,1060.92,9.083,0
route_2020-01-25_3.40pm.gpx,2106.14,16.212,41
route_2020-01-27_5.53pm.gpx,95.1,15.305,1
route_2020-01-27_7.19pm.gpx,220.07,16.697,1
route_2020-01-27_7.49pm.gpx,1304.63,16.79,2
route_2020-01-29_5.08pm.gpx,1463.74,16.749,1
route_2020-01-30_4.54pm.gpx,1842.27,11.889,2
route_2020-01-31_5.14pm.gpx,1357.41,15.283,4
route_2020-02-01_11.59am.gpx,200.73,12.711,1
route_2020-02-01_5.41pm.gpx,1315.65,17.839,2
route_2020-02-02_4.22pm.gpx,1735.39,13.608,1
route_2020-02-03_6.00pm.gpx,953.55,9.231,0
route_2020-02-05_3.39pm.gpx,1444.19,7.706,0
route_2020-02-06_4.35pm.gpx,3434.91,13.187,1
route_2020-02-08_11.44am.gpx,2190.96,8.699,0
route_2020-02-09_2.19pm.gpx,1762.04,9.126,0
route_2020-02-11_7.07pm.gpx,2085.3,11.854,1
route_2020-02-13_3.26pm.gpx,1653.23,8.949,0
route_2020-02-20_5.06pm.gpx,2026.97,17.244,1
route_2020-02-21_5.23pm.gpx,1232.91,11.396,0
route_2020-02-23_2.17pm.gpx,2097.08,19.368,2
route_2020-02-23_2.56pm.gpx,951.27,9.069,0
route_2020-02-26_5.04pm.gpx,2638.3,9.285,0
route_2020-03-12_9.38am.gpx,0.0,0.0,0
route_2020-03-17_11.12am.gpx,1223.39,17.804,1
route_2020-03-17_6.46pm.gpx,1112.21,12.943,3
route_2020-03-17_6.55pm.gpx,145.98,7.511,0
route_2020-03-30_2.58pm.gpx,108.83,4.809,0
route_2020-03-30_3.15pm.gpx,149.77,3.94,0
route_2020-04-01_6.53pm.gpx,1038.0,9.034,0
route_2020-04-02_3.32pm.gpx,1372.68,12.741,1
route_2020-04-03_3.49pm.gpx,1292.07,9.953,0
route_2020-04-04_5.09pm.gpx,1487.95,10.742,0
route_2020-04-05_3.34pm.gpx,2246.5,22.932,1
route_2020-04-12_8.16pm.gpx,860.46,13.967,1
route_2020-04-13_7.49pm.gpx,1585.02,8.778,0
route_2020-04-16_12.31pm.gpx,3309.56,8.344,0
route_2020-04-22_7.21pm.gpx,351.3,10.745,0
route_2020-04-22_7.30pm.gpx,261.23,4.405,0
route_2020-04-29_7.53pm.gpx,2779.29,7.591,0
route_2020-04-30_7.12pm.gpx,723.63,11.634,1
route_2020-04-30_7.33pm.gpx,1040.98,8.188,0
route_2020-05-01_8.06pm.gpx,1404.19,8.248,0
route_2020-05-02_2.46pm.gpx,2243.5,18.887,1
route_2020-05-02_5.30pm.gpx,1394.83,8.622,0
route_2020-05-03_9.45pm.gpx,722.68,5.653,0
route_2020-05-04_2.01pm.gpx,2616.54,22.638,2
route_2020-05-05_7.30pm.gpx,4930.1,5.311,0
route_2020-05-06_7.03pm.gpx,2376.47,7.666,0
route_2020-05-10_1.40pm.gpx,710.12,5.117,0
route_2020-05-10_4.54pm.gpx,499.64,13.133,1
route_2020-05-10_5.22pm.gpx,149.48,8.683,0
route_2020-05-10_5.27pm.gpx,39.41,6.894,0
route_2020-05-11_8.15pm.gpx,2802.93,7.172,0
route_2020-05-13_7.45pm.gpx,2517.96,12.514,1
route_2020-05-13_8.20pm.gpx,438.27,9.722,0
route_2020-05-16_8.21pm.gpx,4180.11,8.516,0
route_2020-05-18_6.31pm.gpx,3395.42,9.14,0
route_2020-05-19_7.18pm.gpx,327.32,13.738,1
route_2020-05-20_8.10pm.gpx,2345.52,7.609,0
route_2020-05-21_7.51pm.gpx,869.98,8.23,0
route_2020-05-22_3.14pm.gpx,2248.06,8.431,0
route_2020-05-23_7.23pm.gpx,2083.23,5.96,0
route_2020-05-26_7.23pm.gpx,2238.67,8.818,0
route_2020-05-29_6.04pm.gpx,2968.27,12.985,1
route_2021-02-22_7.05pm.gpx,1637.12,8.341,0
route_2021-05-18_7.43pm.gpx,1708.92,14.993,4
route_2021-09-04_12.53pm.gpx,0.0,0.0,0
route_2022-02-12_6.32pm.gpx,2004.53,8.931,0
route_2022-03-04_10.52pm.gpx,14.73,0.847,0
route_2024-06-14_7.25pm.gpx,2520.92,23.864,8
route_2024-06-14_8.42pm.gpx,1567.49,65.718,15
route_2024-06-15_8.03pm.gpx,1903.65,22.196,3
route_2024-06-15_8.13pm.gpx,471.8,30.342,5
route_2024-06-16_7.39pm.gpx,439.08,30.039,2
route_2024-06-18_7.35pm.gpx,3214.73,34.655,10
route_2024-06-23_5.35pm.gpx,2307.56,20.358,7
route_2024-06-24_7.08pm.gpx,2277.25,20.362,1
route_2024-06-24_7.33pm.gpx,755.34,32.999,5
route_2024-06-24_8.08pm.gpx,763.58,14.251,3
route_2024-06-26_8.54am.gpx,2685.89,37.568,6
route_2024-06-26_8.54pm.gpx,1385.57,29.27,6
route_2024-06-27_3.40pm.gpx,1692.6,57.579,14
route_2024-06-27_3.47pm.gpx,79.32,10.302,0
route_2024-07-20_2.16pm.gpx,5.0,0.249,0
route_2024-09-08_4.30pm.gpx,122.3,0.703,0
route_2024-12-07_12.14pm.gpx,2244.28,8.907,0
route_2024-12-09_11.22pm.gpx,467.14,8.31,0
route_2024-12-11_9.25pm.gpx,1349.64,6.784,0
route_2024-12-12_5.01pm.gpx,2397.45,9.435,0
route_2024-12-13_6.31pm.gpx,540.48,2.8,0
route_2024-12-13_6.48pm.gpx,530.67,5.57,0
route_2024-12-13_7.01pm.gpx,514.49,6.665,0
route_2024-12-13_7.04pm.gpx,139.03,6.458,0
route_2024-12-14_6.23pm.gpx,1822.98,9.118,0
route_2024-12-15_2.31pm.gpx,2629.98,8.451,0
route_2024-12-16_3.10pm.gpx,1145.57,6.228,0
route_2024-12-17_12.37pm.gpx,1194.98,10.585,0
route_2024-12-21_3.17pm.gpx,32.61,0.896,0
route_2024-12-25_12.05pm.gpx,2632.82,11.827,2
route_2024-12-26_8.21pm.gpx,2270.37,9.007,0
route_2024-12-27_2.02pm.gpx,3501.13,9.902,0
route_2025-01-01_1.17pm.gpx,2232.15,7.923,0
route_2025-01-01_1.25pm.gpx,381.93,5.82,0
route_2025-01-08_6.13pm.gpx,1854.68,10.841,0
route_2025-01-08_6.16pm.gpx,183.64,6.484,0
route_2025-01-09_5.22pm.gpx,1768.51,4.909,0
route_2025-01-09_6.34pm.gpx,61.84,0.917,0
route_2025-01-09_6.52pm.gpx,1348.12,7.796,0
route_2025-01-12_3.31pm.gpx,2779.04,6.526,0
route_2025-01-12_3.47pm.gpx,800.09,6.07,0
route_2025-01-16_3.11pm.gpx,17.4,0.676,0
route_2025-01-16_3.30pm.gpx,33.31,1.055,0
route_2025-01-17_2.21pm.gpx,76.4,1.375,0
route_2025-01-17_3.04pm.gpx,2607.12,9.462,0
route_2025-01-17_3.14pm.gpx,547.3,6.564,0
route_2025-01-19_4.16pm.gpx,113.96,1.463,0
route_2025-01-19_4.42pm.gpx,1134.36,6.095,0
route_2025-01-20_6.10pm.gpx,4139.44,8.936,0
route_2025-01-21_10.01am.gpx,1877.04,8.791,0
route_2025-01-26_4.15pm.gpx,3176.75,8.265,0
route_2025-01-26_4.28pm.gpx,564.42,7.48,0
route_2025-01-30_7.48pm.gpx,2545.59,9.69,0
route_2025-02-01_10.55am.gpx,2749.8,9.462,0
route_2025-02-03_6.55pm.gpx,1635.27,8.921,0
route_2025-02-08_11.16am.gpx,28.88,1.339,0
route_2025-02-08_12.03pm.gpx,3473.54,7.637,0
route_2025-02-10_5.03pm.gpx,2846.01,9.235,0
route_2025-02-16_11.58am.gpx,2456.87,8.551,0
route_2025-04-05_10.36am.gpx,2519.41,5.339,0
route_2025-04-07_2.10pm.gpx,3431.11,7.369,0
route_2025-04-07_5.55pm.gpx,28.6,1.758,0
route_2025-04-08_1.04pm.gpx,276.2,9.296,0
route_2025-04-08_1.09pm.gpx,234.47,7.743,0
route_2025-04-08_12.46pm.gpx,774.93,5.342,0
route_2025-04-08_12.53pm.gpx,777.14,6.926,0
route_2025-04-08_12.58pm.gpx,232.05,9.639,0
route_2025-04-08_7.12pm.gpx,826.21,6.791,0
route_2025-04-08_7.20pm.gpx,781.37,6.895,0
route_2025-04-08_7.31pm.gpx,524.77,6.508,0
route_2025-04-11_5.41pm.gpx,816.51,5.894,0
route_2025-04-11_5.48pm.gpx,802.53,7.228,0
route_2025-04-11_5.59pm.gpx,828.0,8.129,0
route_2025-04-11_6.11pm.gpx,448.74,8.013,0
route_2025-04-12_5.36pm.gpx,2669.06,8.454,0
route_2025-04-12_5.46pm.gpx,498.17,7.24,0
route_2025-04-13_1.25pm.gpx,1165.94,7.458,0
route_2025-04-13_1.50pm.gpx,1716.69,4.909,0
route_2025-04-13_2.09pm.gpx,1016.29,6.564,0
route_2025-04-15_7.16pm.gpx,2574.09,8.068,0
route_2025-04-15_7.21pm.gpx,248.34,4.451,0
route_2025-04-15_7.25pm.gpx,239.74,6.621,0
route_2025-04-16_7.03pm.gpx,1662.41,5.681,0
route_2025-04-16_7.11pm.gpx,457.25,10.689,0
route_2025-04-16_7.14pm.gpx,255.64,4.593,0
route_2025-04-17_7.03pm.gpx,2514.45,6.898,0
route_2025-04-18_8.33pm.gpx,986.85,4.449,0
route_2025-04-18_8.43pm.gpx,586.63,6.125,0
route_2025-04-20_12.10pm.gpx,1744.39,8.498,0
route_2025-04-20_12.23pm.gpx,484.46,8.106,0
route_2025-04-23_9.36am.gpx,1922.0,7.569,0
route_2025-04-23_9.40am.gpx,224.93,2.029,0
route_2025-04-26_8.13pm.gpx,1064.91,10.226,0
route_2025-04-27_7.53pm.gpx,1160.73,6.621,0
route_2025-04-29_4.23pm.gpx,12.15,0.786,0
route_2025-04-29_5.00pm.gpx,1845.26,9.452,0
route_2025-04-29_5.16pm.gpx,121.88,1.268,0
route_2025-04-29_5.26pm.gpx,274.37,4.428,0
route_2025-05-03_10.18am.gpx,2250.67,7.033,0
route_2025-05-03_2.05pm.gpx,333.91,1.512,0
route_2025-05-03_3.12pm.gpx,2691.69,8.24,0
route_2025-05-03_9.15am.gpx,2048.88,7.44,0
route_2025-05-04_9.46am.gpx,3272.81,18.374,4
route_2025-05-05_6.45pm.gpx,1526.45,13.621,1
route_2025-05-05_7.00pm.gpx,861.04,42.515,9
route_2025-05-06_6.52pm.gpx,39.84,1.134,0
route_2025-05-07_10.53am.gpx,4676.19,20.203,5
route_2025-05-08_6.48pm.gpx,3777.72,13.644,1
route_2025-05-08_9.06pm.gpx,210.36,21.154,1
route_2025-05-09_7.04pm.gpx,1314.05,61.753,10
route_2025-05-10_1.24pm.gpx,2378.18,20.843,7
route_2025-05-12_4.21pm.gpx,3186.98,74.191,8
route_2025-05-12_6.54pm.gpx,609.35,15.157,1
route_2025-05-13_8.36pm.gpx,1026.57,38.859,9
route_2025-05-17_7.39pm.gpx,1213.2,12.731,1
route_2025-05-17_8.01pm.gpx,1393.99,33.781,7
route_2025-05-21_9.33am.gpx,3946.71,35.827,10
route_2025-05-22_8.53am.gpx,3768.08,58.42,11
route_2025-05-23_7.46pm.gpx,2268.28,19.886,3
route_2025-05-25_10.06am.gpx,2398.7,24.985,1
route_2025-05-25_8.10pm.gpx,1309.86,20.791,2
route_2025-05-27_7.27pm.gpx,1403.86,11.175,0
route_2025-05-27_8.17pm.gpx,609.12,26.577,2
route_2025-05-29_4.24pm.gpx,2145.58,25.917,3
route_2025-05-29_9.00am.gpx,2494.41,34.421,4
route_2025-05-30_8.12pm.gpx,1253.41,21.033,3
route_2025-05-30_8.51am.gpx,1599.21,82.293,6
route_2025-06-02_3.03pm.gpx,871.08,6.465,0
route_2025-06-02_4.49pm.gpx,477.19,21.957,2
route_2025-06-04_6.34pm.gpx,2294.52,55.462,6
route_2025-06-04_6.49pm.gpx,172.63,10.128,0
route_2025-06-09_6.55pm.gpx,2224.09,34.636,4
route_2025-06-10_6.41pm.gpx,29.87,0.802,0
route_2025-06-15_8.21am.gpx,1762.65,13.234,5
route_2025-06-18_7.35pm.gpx,1500.27,11.57,1
route_2025-06-19_11.56am.gpx,2567.04,13.249,1
route_2025-06-24_8.35pm.gpx,778.45,23.36,3
route_2025-06-29_5.36pm.gpx,1974.56,21.746,2
route_2025-07-04_7.41pm.gpx,554.24,35.141,3
route_2025-07-07_11.23am.gpx,3140.56,38.322,9
route_2025-07-10_7.14pm.gpx,1202.56,18.95,4
route_2025-07-14_8.29pm.gpx,2079.99,32.324,6
route_2025-07-15_7.54pm.gpx,680.78,21.946,5
route_2025-07-16_12.39pm.gpx,3408.56,23.479,5
route_2025-07-22_6.11pm.gpx,3277.88,29.996,12
route_2025-07-23_7.30pm.gpx,1057.16,41.727,6
route_2025-07-23_7.59pm.gpx,1538.23,15.525,2
route_2025-07-24_8.06pm.gpx,966.75,7.685,0
route_2025-07-25_1.34pm.gpx,4183.88,17.094,3
route_2025-07-29_5.19pm.gpx,4358.07,44.034,10
route_2025-08-01_8.18pm.gpx,2303.93,17.889,3
route_2025-08-02_1.39pm.gpx,534.3,8.116,0
route_2025-08-02_8.00pm.gpx,1171.97,45.707,2
route_2025-08-02_8.09pm.gpx,227.73,25.924,4
route_2025-08-03_10.51am.gpx,385.68,21.04,2
route_2025-08-03_8.09pm.gpx,1954.15,43.417,8
route_2025-08-08_7.20pm.gpx,1632.87,25.472,2
route_2025-08-10_1.24pm.gpx,2777.92,12.542,1
route_2025-08-11_11.04am.gpx,646.72,17.469,1
route_2025-08-14_6.03pm.gpx,2646.4,15.461,5
route_2025-08-17_3.24pm.gpx,514.76,29.181,3
route_2025-08-17_7.04pm.gpx,418.26,11.168,0
route_2025-08-19_8.37pm.gpx,1054.51,18.019,3
route_2025-08-21_4.07pm.gpx,1576.07,14.339,1
route_2025-08-24_5.15pm.gpx,273.71,25.508,1
route_2025-08-24_5.20pm.gpx,127.81,16.073,1
route_2025-08-24_5.23pm.gpx,117.53,3.884,0
route_2025-08-24_5.27pm.gpx,132.34,9.684,0
route_2025-08-24_5.30pm.gpx,130.47,12.375,2
route_2025-08-24_5.32pm.gpx,599.6,7.33,0
route_2025-08-26_5.45pm.gpx,1122.84,8.405,0
route_2025-09-04_5.09pm.gpx,1794.39,8.018,0
route_2025-09-06_7.04pm.gpx,183.45,3.868,0
route_2025-09-07_11.22am.gpx,1645.85,7.009,0
route_2025-09-07_11.47am.gpx,1061.13,31.647,2
route_2025-09-10_6.27pm.gpx,1899.73,6.902,0
route_2025-09-10_6.45pm.gpx,354.2,43.689,2
route_2025-09-11_10.19pm.gpx,1311.52,8.457,0
route_2025-09-18_5.25pm.gpx,1903.74,40.502,4
route_2025-09-19_7.21pm.gpx,1690.12,9.577,0
route_2025-09-22_5.42pm.gpx,1877.62,9.364,0
route_2025-09-23_7.25pm.gpx,1331.31,16.716,1
route_2025-09-25_5.23pm.gpx,2096.95,8.907,0
route_2025-09-30_1.11pm.gpx,1932.87,7.791,0
route_2025-09-30_1.20pm.gpx,344.32,13.447,2
route_2025-10-01_1.24pm.gpx,2306.93,45.588,12
route_2025-10-06_7.25pm.gpx,1618.95,18.057,2
route_2025-10-07_9.09pm.gpx,386.0,8.193,0
route_2025-10-11_10.47am.gpx,1105.17,10.399,0
route_2025-10-11_11.44am.gpx,3533.3,10.494,0
route_2025-10-11_11.53am.gpx,597.62,29.108,3
route_2025-10-11_11.59am.gpx,94.07,5.453,0
route_2025-10-13_5.21pm.gpx,2549.51,7.203,0
route_2025-10-18_11.42am.gpx,1412.66,29.363,1
route_2025-10-21_4.41pm.gpx,2569.72,8.985,0
route_2025-10-22_5.55pm.gpx,1743.45,7.491,0
route_2025-10-31_3.54pm.gpx,118.79,2.124,0
route_2025-10-31_7.45pm.gpx,1343.94,6.51,0
route_2025-11-11_1.52pm.gpx,20.18,0.567,0
route_2025-11-11_2.38pm.gpx,1477.81,5.719,0
